{"cameraMode":{"drawMode":0,"name":"Shaded","section":"Shading Mode"},"sceneLighting":false,"audioPlay":false,"sceneViewState":{"m_AlwaysRefresh":false,"showFog":true,"showSkybox":false,"showFlares":true,"showImageEffects":true,"showParticleSystems":true,"showVisualEffectGraphs":true,"m_FxEnabled":true},"in2DMode":false,"pivot":{"x":1.290334701538086,"y":0.3431575894355774,"z":-0.00012946128845214844},"rotation":{"x":0.011101128533482552,"y":0.0029991609044373037,"z":-0.000031452331313630566,"w":0.9999455213546753},"size":1.5000174045562745,"orthographic":false}